Category,Norm_Method,Model,MAE,RMSE,sMAPE (%),MAPE (%)
M01AB,T3MA (Operational Baseline),SHI_Mean,0.0979,0.1263,9.71,9.81
M01AB,T3MA (Operational Baseline),SHI_Median,0.0954,0.1249,9.43,9.5
M01AB,T3MA (Operational Baseline),HW_Additive,0.1045,0.1201,10.42,10.5
M01AB,T3MA (Operational Baseline),HW_Damped,0.1045,0.1201,10.42,10.5
M01AB,T3MA (Operational Baseline),"SARIMA_(1,0,0)x(0,1,0)",0.1077,0.1361,10.84,10.68
M01AB,T3MA (Operational Baseline),"SARIMA_(0,1,1)x(0,1,1)",0.1007,0.1317,10.18,10.04
M01AB,T3MA (Operational Baseline),Ridge_Lag,0.1016,0.1237,10.14,10.25
M01AB,T12MA (Annual Baseline),SHI_Mean,0.123,0.1552,12.11,13.16
M01AB,T12MA (Annual Baseline),SHI_Median,0.1308,0.1632,12.83,13.95
M01AB,T12MA (Annual Baseline),HW_Additive,0.0928,0.1152,9.44,9.74
M01AB,T12MA (Annual Baseline),HW_Damped,0.0928,0.1152,9.44,9.74
M01AB,T12MA (Annual Baseline),"SARIMA_(1,0,0)x(0,1,0)",0.1062,0.1351,10.84,10.68
M01AB,T12MA (Annual Baseline),"SARIMA_(0,1,1)x(0,1,1)",0.0993,0.1307,10.18,10.04
M01AB,T12MA (Annual Baseline),Ridge_Lag,0.1005,0.1225,10.22,10.43
M01AE,T3MA (Operational Baseline),SHI_Mean,0.1591,0.2404,15.28,16.07
M01AE,T3MA (Operational Baseline),SHI_Median,0.1397,0.2194,13.52,13.99
M01AE,T3MA (Operational Baseline),HW_Additive,0.1325,0.2098,12.87,13.23
M01AE,T3MA (Operational Baseline),HW_Damped,0.1325,0.2098,12.87,13.23
M01AE,T3MA (Operational Baseline),"SARIMA_(1,0,0)x(0,1,0)",0.1766,0.261,16.38,16.89
M01AE,T3MA (Operational Baseline),"SARIMA_(0,1,1)x(0,1,1)",0.1898,0.2714,17.9,18.56
M01AE,T3MA (Operational Baseline),Ridge_Lag,0.143,0.2191,13.81,14.2
M01AE,T12MA (Annual Baseline),SHI_Mean,0.1528,0.2266,14.79,15.52
M01AE,T12MA (Annual Baseline),SHI_Median,0.1499,0.2238,14.56,15.24
M01AE,T12MA (Annual Baseline),HW_Additive,0.134,0.2104,13.11,13.48
M01AE,T12MA (Annual Baseline),HW_Damped,0.134,0.2104,13.11,13.48
M01AE,T12MA (Annual Baseline),"SARIMA_(1,0,0)x(0,1,0)",0.1705,0.255,16.38,16.89
M01AE,T12MA (Annual Baseline),"SARIMA_(0,1,1)x(0,1,1)",0.1861,0.2658,17.9,18.56
M01AE,T12MA (Annual Baseline),Ridge_Lag,0.1494,0.2235,14.54,14.89
N02BA,T3MA (Operational Baseline),SHI_Mean,0.1391,0.1653,14.24,14.76
N02BA,T3MA (Operational Baseline),SHI_Median,0.1386,0.1623,14.29,14.73
N02BA,T3MA (Operational Baseline),HW_Additive,0.1258,0.1488,12.98,13.67
N02BA,T3MA (Operational Baseline),HW_Damped,0.1258,0.1488,12.98,13.67
N02BA,T3MA (Operational Baseline),"SARIMA_(1,0,0)x(0,1,0)",0.1923,0.2489,19.27,20.87
N02BA,T3MA (Operational Baseline),"SARIMA_(0,1,1)x(0,1,1)",0.1878,0.2155,19.33,19.67
N02BA,T3MA (Operational Baseline),Ridge_Lag,0.1315,0.1526,13.6,14.1
N02BA,T12MA (Annual Baseline),SHI_Mean,0.1479,0.1761,15.88,16.87
N02BA,T12MA (Annual Baseline),SHI_Median,0.147,0.1738,15.76,16.88
N02BA,T12MA (Annual Baseline),HW_Additive,0.1385,0.1657,14.92,16.51
N02BA,T12MA (Annual Baseline),HW_Damped,0.1385,0.1657,14.92,16.51
N02BA,T12MA (Annual Baseline),"SARIMA_(1,0,0)x(0,1,0)",0.1815,0.2332,19.27,20.87
N02BA,T12MA (Annual Baseline),"SARIMA_(0,1,1)x(0,1,1)",0.1783,0.2042,19.33,19.67
N02BA,T12MA (Annual Baseline),Ridge_Lag,0.1428,0.1733,15.34,16.18
N02BE,T3MA (Operational Baseline),SHI_Mean,0.1971,0.2661,19.74,22.4
N02BE,T3MA (Operational Baseline),SHI_Median,0.1713,0.2317,18.11,20.72
N02BE,T3MA (Operational Baseline),HW_Additive,0.2707,0.3517,26.83,29.98
N02BE,T3MA (Operational Baseline),HW_Damped,0.2707,0.3517,26.83,29.98
N02BE,T3MA (Operational Baseline),"SARIMA_(1,0,0)x(0,1,0)",0.2188,0.281,22.04,24.11
N02BE,T3MA (Operational Baseline),"SARIMA_(0,1,1)x(0,1,1)",0.1862,0.246,19.58,21.96
N02BE,T3MA (Operational Baseline),Ridge_Lag,0.1846,0.2382,19.16,21.05
N02BE,T12MA (Annual Baseline),SHI_Mean,0.2012,0.2792,21.39,25.28
N02BE,T12MA (Annual Baseline),SHI_Median,0.1975,0.2633,21.29,25.63
N02BE,T12MA (Annual Baseline),HW_Additive,0.3043,0.3592,32.46,38.47
N02BE,T12MA (Annual Baseline),HW_Damped,0.3043,0.3592,32.46,38.47
N02BE,T12MA (Annual Baseline),"SARIMA_(1,0,0)x(0,1,0)",0.2213,0.3136,22.04,24.11
N02BE,T12MA (Annual Baseline),"SARIMA_(0,1,1)x(0,1,1)",0.1953,0.2802,19.58,21.96
N02BE,T12MA (Annual Baseline),Ridge_Lag,0.1782,0.2586,18.5,20.83
N05B,T3MA (Operational Baseline),SHI_Mean,0.1798,0.2587,18.39,18.5
N05B,T3MA (Operational Baseline),SHI_Median,0.2008,0.2914,21.0,20.01
N05B,T3MA (Operational Baseline),HW_Additive,0.1514,0.2217,15.54,17.24
N05B,T3MA (Operational Baseline),HW_Damped,0.1514,0.2217,15.54,17.24
N05B,T3MA (Operational Baseline),"SARIMA_(1,0,0)x(0,1,0)",0.211,0.3169,21.59,22.3
N05B,T3MA (Operational Baseline),"SARIMA_(0,1,1)x(0,1,1)",0.2147,0.3099,21.65,23.23
N05B,T3MA (Operational Baseline),Ridge_Lag,0.1705,0.2367,17.49,19.19
N05B,T12MA (Annual Baseline),SHI_Mean,0.2061,0.3037,21.82,21.82
N05B,T12MA (Annual Baseline),SHI_Median,0.2387,0.3553,25.78,24.49
N05B,T12MA (Annual Baseline),HW_Additive,0.1771,0.2621,18.5,21.41
N05B,T12MA (Annual Baseline),HW_Damped,0.1771,0.2621,18.5,21.41
N05B,T12MA (Annual Baseline),"SARIMA_(1,0,0)x(0,1,0)",0.2024,0.3168,21.59,22.3
N05B,T12MA (Annual Baseline),"SARIMA_(0,1,1)x(0,1,1)",0.2135,0.3146,21.65,23.23
N05B,T12MA (Annual Baseline),Ridge_Lag,0.1858,0.2627,19.61,22.05
N05C,T3MA (Operational Baseline),SHI_Mean,0.5404,0.8707,46.3,56.65
N05C,T3MA (Operational Baseline),SHI_Median,0.5331,0.8607,47.25,52.34
N05C,T3MA (Operational Baseline),HW_Additive,0.4418,0.7611,38.54,48.39
N05C,T3MA (Operational Baseline),HW_Damped,0.4418,0.7611,38.54,48.39
N05C,T3MA (Operational Baseline),"SARIMA_(1,0,0)x(0,1,0)",0.61,0.8584,59.22,64.39
N05C,T3MA (Operational Baseline),"SARIMA_(0,1,1)x(0,1,1)",0.6402,0.9815,54.48,68.41
N05C,T3MA (Operational Baseline),Ridge_Lag,0.5356,0.8614,45.84,60.82
N05C,T12MA (Annual Baseline),SHI_Mean,0.4731,0.6393,46.11,52.37
N05C,T12MA (Annual Baseline),SHI_Median,0.5087,0.6806,50.5,55.18
N05C,T12MA (Annual Baseline),HW_Additive,0.3395,0.5038,32.78,39.03
N05C,T12MA (Annual Baseline),HW_Damped,0.3395,0.5038,32.78,39.03
N05C,T12MA (Annual Baseline),"SARIMA_(1,0,0)x(0,1,0)",0.5756,0.745,59.22,64.39
N05C,T12MA (Annual Baseline),"SARIMA_(0,1,1)x(0,1,1)",0.6014,0.8481,54.48,68.41
N05C,T12MA (Annual Baseline),Ridge_Lag,0.4368,0.621,41.93,50.69
R03,T3MA (Operational Baseline),SHI_Mean,0.2348,0.3165,24.49,27.3
R03,T3MA (Operational Baseline),SHI_Median,0.2611,0.3427,27.46,29.31
R03,T3MA (Operational Baseline),HW_Additive,0.35,0.4582,33.87,38.43
R03,T3MA (Operational Baseline),HW_Damped,0.35,0.4582,33.87,38.43
R03,T3MA (Operational Baseline),"SARIMA_(1,0,0)x(0,1,0)",0.2869,0.3412,29.19,29.69
R03,T3MA (Operational Baseline),"SARIMA_(0,1,1)x(0,1,1)",0.2826,0.3585,28.85,32.73
R03,T3MA (Operational Baseline),Ridge_Lag,0.2635,0.3166,26.89,30.7
R03,T12MA (Annual Baseline),SHI_Mean,0.2898,0.3676,27.66,32.38
R03,T12MA (Annual Baseline),SHI_Median,0.299,0.3807,28.52,33.24
R03,T12MA (Annual Baseline),HW_Additive,0.3469,0.4089,34.38,39.08
R03,T12MA (Annual Baseline),HW_Damped,0.3469,0.4089,34.38,39.08
R03,T12MA (Annual Baseline),"SARIMA_(1,0,0)x(0,1,0)",0.3014,0.3647,29.19,29.69
R03,T12MA (Annual Baseline),"SARIMA_(0,1,1)x(0,1,1)",0.2927,0.3759,28.85,32.73
R03,T12MA (Annual Baseline),Ridge_Lag,0.3036,0.3411,30.2,33.56
R06,T3MA (Operational Baseline),SHI_Mean,0.291,0.4506,23.33,24.76
R06,T3MA (Operational Baseline),SHI_Median,0.2882,0.4468,22.87,24.68
R06,T3MA (Operational Baseline),HW_Additive,0.5355,0.7788,42.18,42.07
R06,T3MA (Operational Baseline),HW_Damped,0.5355,0.7788,42.18,42.07
R06,T3MA (Operational Baseline),"SARIMA_(1,0,0)x(0,1,0)",0.3213,0.4577,26.56,26.18
R06,T3MA (Operational Baseline),"SARIMA_(0,1,1)x(0,1,1)",0.2875,0.4191,23.39,24.97
R06,T3MA (Operational Baseline),Ridge_Lag,0.3371,0.4973,25.02,27.57
R06,T12MA (Annual Baseline),SHI_Mean,0.2259,0.3157,20.25,22.2
R06,T12MA (Annual Baseline),SHI_Median,0.2313,0.3152,20.92,23.27
R06,T12MA (Annual Baseline),HW_Additive,0.4321,0.557,40.52,47.08
R06,T12MA (Annual Baseline),HW_Damped,0.4321,0.557,40.52,47.08
R06,T12MA (Annual Baseline),"SARIMA_(1,0,0)x(0,1,0)",0.2925,0.3738,26.56,26.18
R06,T12MA (Annual Baseline),"SARIMA_(0,1,1)x(0,1,1)",0.2532,0.339,23.39,24.97
R06,T12MA (Annual Baseline),Ridge_Lag,0.2805,0.376,24.57,25.52
